meta_iter,meta_batch_size,inner_steps,inner_lr,meta_lr,delta_norm,inner_loss_mean,inner_makespan_mean,val_makespan,best_val_makespan,saved_best,duration_sec
1,16,3,0.0002,0.002,0.008448791784309897,44080457.27176082,1556.9375,,,0,181.564
2,16,3,0.0002,0.002,0.009369075410763416,31901219.787004434,1514.3125,5842.72,5842.72,1,359.709
1,1,3,0.0002,0.002,0.0010709317841847616,23010217.47885592,1456.0,3924.76,3924.76,1,192.558
1,32,1,0.0001,0.001,0.002908564137901287,0.36002323124557734,1539.09375,,,0,114.018
1,32,1,0.0001,0.001,0.02114546064069638,1299.4411656411996,1555.15625,,,0,126.687
1,32,1,0.0001,0.001,0.018712822850205136,1925.2799839232466,1496.125,,,0,136.862
2,32,1,0.0001,0.001,0.019265891976489122,1922.1464458345436,1527.3125,,,0,135.833
3,32,1,0.0001,0.001,0.01919711869645807,1688.3964863651927,1547.875,,,0,135.785
4,32,1,0.0001,0.001,0.01827602065654363,1816.7854761516937,1540.625,,,0,137.037
1,16,1,0.0001,0.001,0.004067153924949615,1.430528001349034,1535.0,4085.16,4085.16,1,247.55
1,16,1,0.0001,0.001,0.00445601224783133,2.2828799851856867,2595.75,2289.9,2289.9,1,1635.677
1,16,1,0.0001,0.001,0.0047904023542933724,2.368286435742251,2775.4375,2336.0,2336.0,1,1626.419
1,16,1,0.0001,0.001,0.004499266073241041,2.2264437297026918,2519.1875,,,0,69.253
2,16,1,0.0001,0.001,0.004512747177182463,2.272798498331624,2642.375,,,0,68.737
3,16,1,0.0001,0.001,0.004547562454120372,2.299676319662008,2579.875,,,0,68.776
4,16,1,0.0001,0.001,0.004668267812646805,2.3636739231371653,2640.5,,,0,68.545
5,16,1,0.0001,0.001,0.004725760542700521,2.338547468677195,2677.0,,,0,68.619
6,16,1,0.0001,0.001,0.0048711829380984235,2.300785956333706,2575.5,,,0,68.773
7,16,1,0.0001,0.001,0.004790380789283809,2.379885120844276,2601.5625,,,0,68.892
8,16,1,0.0001,0.001,0.004755631910299015,2.143051253855423,2588.75,,,0,68.671
9,16,1,0.0001,0.001,0.004488780211626212,2.3694621221596206,2679.0625,,,0,68.607
10,16,1,0.0001,0.001,0.0046594585903968295,2.0649680053951145,2541.25,2317.66,2317.66,1,1615.625
11,16,1,0.0001,0.001,0.004621782761031825,2.175503283610328,2604.8125,,2317.66,0,68.347
12,16,1,0.0001,0.001,0.004460657621325101,2.1881105306262616,2546.125,,2317.66,0,68.59
13,16,1,0.0001,0.001,0.004776866072312271,2.225099750850744,2567.8125,,2317.66,0,68.408
14,16,1,0.0001,0.001,0.004854365830268772,2.401399620847817,2583.0,,2317.66,0,68.541
15,16,1,0.0001,0.001,0.0049234913803551765,2.4331738706497448,2780.5,,2317.66,0,68.648
16,16,1,0.0001,0.001,0.004371178128057443,2.126457833280614,2544.5,,2317.66,0,68.824
17,16,1,0.0001,0.001,0.004866090058615201,2.4271365786923362,2633.4375,,2317.66,0,68.766
18,16,1,0.0001,0.001,0.004815681345444811,2.3535755539773158,2619.9375,,2317.66,0,68.725
19,16,1,0.0001,0.001,0.004568124177352743,2.362555847908905,2632.8125,,2317.66,0,68.761
20,16,1,0.0001,0.001,0.004674732623053,2.2447541351530464,2682.0,2303.5,2303.5,1,1613.928
21,16,1,0.0001,0.001,0.0046979619912759455,2.2287679785198904,2669.0,,2303.5,0,68.506
22,16,1,0.0001,0.001,0.004740921892579909,2.234476959509406,2669.8125,,2303.5,0,68.205
23,16,1,0.0001,0.001,0.004867289079840616,2.2812147569083114,2693.3125,,2303.5,0,68.193
24,16,1,0.0001,0.001,0.004446396571862592,2.1826342788590205,2557.3125,,2303.5,0,68.187
25,16,1,0.0001,0.001,0.0047201350584818915,2.2518980521038605,2553.0,,2303.5,0,68.282
26,16,1,0.0001,0.001,0.0043905580870358995,2.341804511030498,2807.1875,,2303.5,0,68.34
27,16,1,0.0001,0.001,0.004731612945658255,2.0031952016450574,2517.125,,2303.5,0,67.994
28,16,1,0.0001,0.001,0.004748556648817234,2.2878863719507803,2586.5,,2303.5,0,67.802
29,16,1,0.0001,0.001,0.004483521876907875,2.407410631635302,2641.75,,2303.5,0,67.756
30,16,1,0.0001,0.001,0.004508423055566249,2.2673699463806494,2617.8125,2299.9,2299.9,1,1610.211
31,16,1,0.0001,0.001,0.0050536510205628615,2.2532772560514527,2625.125,,2299.9,0,69.168
32,16,1,0.0001,0.001,0.00481704519582874,2.3209384635705255,2491.1875,,2299.9,0,69.129
33,16,1,0.0001,0.001,0.0044484300736691955,2.318457222755603,2665.8125,,2299.9,0,68.009
34,16,1,0.0001,0.001,0.004938881936160476,2.3067226939925853,2674.375,,2299.9,0,68.012
35,16,1,0.0001,0.001,0.00478978533655992,2.22041749616193,2624.75,,2299.9,0,67.845
36,16,1,0.0001,0.001,0.004771525034689923,2.155431670297161,2666.9375,,2299.9,0,67.998
37,16,1,0.0001,0.001,0.004387907320820071,2.3397155853478826,2665.4375,,2299.9,0,68.298
38,16,1,0.0001,0.001,0.004554704020098775,2.2892403359812863,2585.875,,2299.9,0,68.565
39,16,1,0.0001,0.001,0.00492999666223762,2.224738227047158,2579.4375,,2299.9,0,68.528
40,16,1,0.0001,0.001,0.004773253169184041,2.223419707824983,2675.375,2312.84,2299.9,0,1613.222
41,16,1,0.0001,0.001,0.004449464441130441,2.252647078039977,2612.3125,,2299.9,0,68.422
42,16,1,0.0001,0.001,0.004467681893303891,2.0729337891199724,2648.25,,2299.9,0,68.31
43,16,1,0.0001,0.001,0.004698548623844219,2.28451931648136,2557.1875,,2299.9,0,68.353
44,16,1,0.0001,0.001,0.0048462387100015525,2.421269806704127,2627.6875,,2299.9,0,68.407
45,16,1,0.0001,0.001,0.004425484006755689,2.1643385821927343,2570.5625,,2299.9,0,68.417
46,16,1,0.0001,0.001,0.004681223316276998,2.3142856532685503,2665.0625,,2299.9,0,68.731
47,16,1,0.0001,0.001,0.0045804743600493655,2.3820278113421036,2639.75,,2299.9,0,68.808
48,16,1,0.0001,0.001,0.004477973468790315,2.294341418789118,2666.5625,,2299.9,0,68.749
49,16,1,0.0001,0.001,0.004534239449000547,2.286404421472521,2650.9375,,2299.9,0,68.762
50,16,1,0.0001,0.001,0.004687225045896027,2.374335871432245,2558.875,2282.66,2282.66,1,1612.324
51,16,1,0.0001,0.001,0.00459478039679411,2.224411030989428,2577.5625,,2282.66,0,68.245
52,16,1,0.0001,0.001,0.004680787631990883,2.2557620000640903,2642.875,,2282.66,0,68.171
53,16,1,0.0001,0.001,0.004592929001583863,2.2078453215312366,2568.875,,2282.66,0,68.186
54,16,1,0.0001,0.001,0.004476417421334716,2.240411603907599,2700.875,,2282.66,0,68.201
55,16,1,0.0001,0.001,0.004374148802640343,2.176412294139035,2672.3125,,2282.66,0,68.229
56,16,1,0.0001,0.001,0.004689347707483037,2.165232652295772,2583.3125,,2282.66,0,68.218
57,16,1,0.0001,0.001,0.00438986639324378,2.234096528301708,2760.25,,2282.66,0,68.189
58,16,1,0.0001,0.001,0.0046934777166631894,2.1993341821227856,2584.5,,2282.66,0,68.251
59,16,1,0.0001,0.001,0.004703014928294531,2.2300827926926874,2658.1875,,2282.66,0,68.127
60,16,1,0.0001,0.001,0.004696668347934749,2.281926653207675,2516.5,2308.48,2282.66,0,1608.556
61,16,1,0.0001,0.001,0.004432371277752382,2.221731441211599,2632.5625,,2282.66,0,68.285
62,16,1,0.0001,0.001,0.00473110106024779,2.2976263930479037,2659.625,,2282.66,0,68.191
63,16,1,0.0001,0.001,0.004924317405753095,2.289985848266183,2587.1875,,2282.66,0,68.254
64,16,1,0.0001,0.001,0.004683680151920079,2.2126028775020457,2632.25,,2282.66,0,68.206
65,16,1,0.0001,0.001,0.004635081566111998,2.2049053975329143,2708.6875,,2282.66,0,68.305
66,16,1,0.0001,0.001,0.004681796415774872,2.3041958658321486,2638.3125,,2282.66,0,68.209
67,16,1,0.0001,0.001,0.004695518454189084,2.2350976297319063,2640.6875,,2282.66,0,68.221
68,16,1,0.0001,0.001,0.004722627951744069,2.3608206142085124,2658.5625,,2282.66,0,68.26
69,16,1,0.0001,0.001,0.004627932789397504,2.3444503565383847,2690.125,,2282.66,0,68.276
70,16,1,0.0001,0.001,0.004362060482687747,2.3259788632918568,2685.75,2257.88,2257.88,1,1607.578
71,16,1,0.0001,0.001,0.004489487656944162,2.1249302899212963,2584.6875,,2257.88,0,68.233
72,16,1,0.0001,0.001,0.004428849815017297,2.1058992964911263,2528.9375,,2257.88,0,68.089
73,16,1,0.0001,0.001,0.004730506559146505,2.1080584139842613,2550.9375,,2257.88,0,68.068
74,16,1,0.0001,0.001,0.0044322913075078765,2.340157005009459,2614.4375,,2257.88,0,68.03
75,16,1,0.0001,0.001,0.004581465093454265,2.0915685518377023,2526.8125,,2257.88,0,68.084
76,16,1,0.0001,0.001,0.004433788663968981,2.319090131220134,2618.375,,2257.88,0,68.289
77,16,1,0.0001,0.001,0.004421389038419938,2.2830225326832387,2567.8125,,2257.88,0,68.141
78,16,1,0.0001,0.001,0.004707733448842594,2.3197615932739493,2585.5,,2257.88,0,68.153
79,16,1,0.0001,0.001,0.00473077521037008,2.191484350516097,2679.375,,2257.88,0,68.036
80,16,1,0.0001,0.001,0.004680720469304309,2.29351714442101,2648.375,2319.24,2257.88,0,1606.3
81,16,1,0.0001,0.001,0.004472283854992194,2.377842444316663,2718.1875,,2257.88,0,68.366
82,16,1,0.0001,0.001,0.004469757976698008,2.2693237139525912,2605.9375,,2257.88,0,68.506
83,16,1,0.0001,0.001,0.004684443818110005,2.220083125512398,2640.6875,,2257.88,0,68.51
84,16,1,0.0001,0.001,0.004710652465764706,2.161194276050337,2580.6875,,2257.88,0,68.305
85,16,1,0.0001,0.001,0.004593204754293399,2.3074605973175184,2734.5625,,2257.88,0,67.867
86,16,1,0.0001,0.001,0.004481542544815503,2.0965401471749208,2546.875,,2257.88,0,68.394
87,16,1,0.0001,0.001,0.0048118145783879445,2.2732675333530885,2530.9375,,2257.88,0,69.017
88,16,1,0.0001,0.001,0.004887321595117431,2.2192288053080618,2578.25,,2257.88,0,69.009
89,16,1,0.0001,0.001,0.004729979492733432,2.261191124505162,2651.4375,,2257.88,0,69.032
90,16,1,0.0001,0.001,0.004572184635717836,2.279805851385131,2683.875,2312.14,2257.88,0,1611.033
91,16,1,0.0001,0.001,0.004712727960455158,2.150209367382573,2529.375,,2257.88,0,67.95
92,16,1,0.0001,0.001,0.004506409886650651,2.259529845924765,2604.4375,,2257.88,0,67.967
93,16,1,0.0001,0.001,0.004625467743203833,2.2117428717932204,2685.0625,,2257.88,0,67.929
94,16,1,0.0001,0.001,0.00472730857767608,2.212317426200275,2633.25,,2257.88,0,68.641
95,16,1,0.0001,0.001,0.004714460479347898,2.258917998359307,2595.125,,2257.88,0,68.076
96,16,1,0.0001,0.001,0.004469028083457747,2.295989407946914,2580.4375,,2257.88,0,67.762
97,16,1,0.0001,0.001,0.004540622501777851,2.1276082787807544,2643.125,,2257.88,0,67.817
98,16,1,0.0001,0.001,0.004409577091612134,2.21947265744781,2599.25,,2257.88,0,68.643
99,16,1,0.0001,0.001,0.0045113628742758745,2.3058443162917,2710.3125,,2257.88,0,67.95
100,16,1,0.0001,0.001,0.004548187823451928,2.156479536888906,2619.5,2297.12,2257.88,0,1602.206
1,16,1,0.0001,0.001,0.004575675605579182,2.0990539433537942,2728.625,,,0,107.64
1,16,1,0.0001,0.001,0.004777383390963599,2.081326128834116,2523.375,,,0,106.249
2,16,1,0.0001,0.001,0.004459147776808607,1.9650436214531148,2665.75,,,0,105.677
3,16,1,0.0001,0.001,0.004567120397879736,1.8216607087384389,2625.0,,,0,105.498
4,16,1,0.0001,0.001,0.004498127571306716,1.9484564090683099,2624.8125,,,0,106.227
5,16,1,0.0001,0.001,0.004513553975881611,1.986039607687661,2702.375,,,0,106.182
6,16,1,0.0001,0.001,0.004752841824811492,1.7693006781782246,2588.6875,,,0,106.165
7,16,1,0.0001,0.001,0.004420320618225464,1.7561331692374589,2572.1875,,,0,106.104
8,16,1,0.0001,0.001,0.0048568181021975115,1.8850238997409612,2625.1875,,,0,106.077
9,16,1,0.0001,0.001,0.004563771425651295,1.9675022301291882,2580.25,,,0,106.157
10,16,1,0.0001,0.001,0.004469967841524652,1.8479433820128217,2474.5625,2291.18,2291.18,1,2811.92
11,16,1,0.0001,0.001,0.004494679366678397,1.876438944427013,2693.25,,2291.18,0,105.713
12,16,1,0.0001,0.001,0.004615524870767171,1.9252674126133569,2589.9375,,2291.18,0,105.15
13,16,1,0.0001,0.001,0.004415284985887209,1.9466116970810365,2603.3125,,2291.18,0,105.528
14,16,1,0.0001,0.001,0.004625822076656805,1.9504134313892274,2642.8125,,2291.18,0,105.466
15,16,1,0.0001,0.001,0.0044145399718990815,1.9406147613580096,2589.375,,2291.18,0,105.364
16,16,1,0.0001,0.001,0.004500671846788848,1.8357527723539853,2555.5,,2291.18,0,104.981
17,16,1,0.0001,0.001,0.004578571696419223,1.836651398298793,2570.0,,2291.18,0,104.941
18,16,1,0.0001,0.001,0.004522238128505206,1.8702803455092067,2489.875,,2291.18,0,106.157
19,16,1,0.0001,0.001,0.0046434284031370305,1.874918059816136,2568.3125,,2291.18,0,106.636
20,16,1,0.0001,0.001,0.004580981497195201,1.7851067052110663,2629.0625,2318.64,2291.18,0,2809.095
21,16,1,0.0001,0.001,0.004545122652437219,1.9207210730059479,2506.8125,,2291.18,0,105.786
22,16,1,0.0001,0.001,0.004787121977099504,1.9611614549681327,2783.3125,,2291.18,0,105.457
23,16,1,0.0001,0.001,0.004679649680986341,1.9364788632640342,2635.125,,2291.18,0,105.425
24,16,1,0.0001,0.001,0.00441066085736259,1.84931738844383,2624.5,,2291.18,0,105.451
25,16,1,0.0001,0.001,0.004427890057405629,1.964154679381409,2626.4375,,2291.18,0,105.443
26,16,1,0.0001,0.001,0.004556223534706235,1.9304155875908837,2568.0625,,2291.18,0,105.699
27,16,1,0.0001,0.001,0.004761085828804915,1.974736027701209,2570.0625,,2291.18,0,105.984
28,16,1,0.0001,0.001,0.004518794035459578,1.845585310456212,2554.9375,,2291.18,0,106.008
29,16,1,0.0001,0.001,0.00449482452733747,1.995586261699237,2641.1875,,2291.18,0,105.996
30,16,1,0.0001,0.001,0.0043421749136249585,2.1298744012843187,2666.125,2294.9,2291.18,0,2814.653
31,16,1,0.0001,0.001,0.004538417851714421,1.9764244348402578,2621.875,,2291.18,0,105.487
32,16,1,0.0001,0.001,0.004447085257121147,1.8341593612831268,2631.3125,,2291.18,0,105.596
33,16,1,0.0001,0.001,0.004671574889953122,2.05174581579103,2673.5,,2291.18,0,105.689
34,16,1,0.0001,0.001,0.004732585430773634,2.0634170098219786,2611.4375,,2291.18,0,105.707
35,16,1,0.0001,0.001,0.004516901558142481,1.8897765969211582,2564.25,,2291.18,0,105.726
36,16,1,0.0001,0.001,0.0045240986933811934,1.9372160796438795,2614.1875,,2291.18,0,105.791
37,16,1,0.0001,0.001,0.004526984026749111,2.052384001671124,2686.5625,,2291.18,0,105.691
38,16,1,0.0001,0.001,0.004862014974246769,1.881576294278036,2683.0625,,2291.18,0,105.551
39,16,1,0.0001,0.001,0.004527105107426646,2.015022111702089,2575.375,,2291.18,0,105.53
40,16,1,0.0001,0.001,0.004504560528329606,1.8485629395067602,2617.6875,2295.0,2291.18,0,2807.196
41,16,1,0.0001,0.001,0.0045720398631332445,1.989282126369732,2626.0625,,2291.18,0,106.59
42,16,1,0.0001,0.001,0.004501703868835834,1.9640851951531262,2650.875,,2291.18,0,106.254
43,16,1,0.0001,0.001,0.0046898559102914635,1.717059819952755,2572.9375,,2291.18,0,106.376
44,16,1,0.0001,0.001,0.004434160071822297,1.8907975739130816,2527.8125,,2291.18,0,106.557
45,16,1,0.0001,0.001,0.004528846891367599,1.9696761923644515,2655.0625,,2291.18,0,106.573
46,16,1,0.0001,0.001,0.0048460582607329425,1.8820861480282425,2544.125,,2291.18,0,106.175
47,16,1,0.0001,0.001,0.004338655758144436,2.052245366096693,2572.4375,,2291.18,0,105.206
48,16,1,0.0001,0.001,0.0044881632478873425,2.165734362514497,2775.0625,,2291.18,0,105.86
49,16,1,0.0001,0.001,0.004710026566479776,2.0139046529444022,2563.0,,2291.18,0,106.309
50,16,1,0.0001,0.001,0.004477403361851121,1.9128472951135693,2642.25,2296.04,2291.18,0,2807.476
51,16,1,0.0001,0.001,0.004884954483513789,2.1514922771488787,2652.25,,2291.18,0,105.738
52,16,1,0.0001,0.001,0.00461133485035819,1.954290243619784,2698.6875,,2291.18,0,105.658
53,16,1,0.0001,0.001,0.004468385447031761,2.0235206609658345,2556.625,,2291.18,0,105.68
54,16,1,0.0001,0.001,0.004766020817430404,1.97984943611951,2597.6875,,2291.18,0,105.536
55,16,1,0.0001,0.001,0.004363016620257321,1.887726644154305,2525.5,,2291.18,0,105.347
56,16,1,0.0001,0.001,0.004711517889602702,1.9406098741745916,2549.1875,,2291.18,0,105.681
57,16,1,0.0001,0.001,0.004657435282389686,1.8909957970040179,2653.625,,2291.18,0,105.964
58,16,1,0.0001,0.001,0.0048366717708567195,2.091595534917093,2684.9375,,2291.18,0,106.068
59,16,1,0.0001,0.001,0.004511677679010793,2.069879519573013,2687.25,,2291.18,0,106.488
60,16,1,0.0001,0.001,0.004709005926520497,2.039216124394307,2687.9375,2280.68,2280.68,1,2802.7
61,16,1,0.0001,0.001,0.004541354679209759,1.9004886625876802,2656.375,,2280.68,0,105.593
62,16,1,0.0001,0.001,0.0044598675987844345,2.056879473839903,2629.75,,2280.68,0,105.623
63,16,1,0.0001,0.001,0.0049534506665985314,1.9644366157885165,2674.25,,2280.68,0,105.395
64,16,1,0.0001,0.001,0.004390832350756782,2.0468302199851136,2568.6875,,2280.68,0,105.263
65,16,1,0.0001,0.001,0.004605190847221419,2.046036189845245,2605.25,,2280.68,0,105.211
66,16,1,0.0001,0.001,0.00506460712890306,2.0285650902989576,2769.0,,2280.68,0,105.431
67,16,1,0.0001,0.001,0.0045388561635487604,1.9355070724637138,2607.6875,,2280.68,0,105.757
68,16,1,0.0001,0.001,0.004517406118126097,1.8112166852632006,2441.6875,,2280.68,0,105.848
69,16,1,0.0001,0.001,0.004381142702895645,1.835540185345441,2561.0,,2280.68,0,105.781
70,16,1,0.0001,0.001,0.004478583548921156,1.957075550736413,2628.875,2294.84,2280.68,0,2808.798
71,16,1,0.0001,0.001,0.0045124205557149156,1.9410265234820805,2575.875,,2280.68,0,105.493
72,16,1,0.0001,0.001,0.004631420191753714,1.9104715369159944,2702.0,,2280.68,0,105.564
73,16,1,0.0001,0.001,0.004668684280985984,1.8296506297913302,2617.75,,2280.68,0,105.633
74,16,1,0.0001,0.001,0.0044874962443556,1.8235489995977365,2583.8125,,2280.68,0,105.381
75,16,1,0.0001,0.001,0.004697954297397024,1.937566287654088,2635.25,,2280.68,0,105.356
76,16,1,0.0001,0.001,0.004664157696870641,1.8418362463222953,2504.75,,2280.68,0,105.375
77,16,1,0.0001,0.001,0.004507730041435555,1.9451031487345578,2594.625,,2280.68,0,105.341
78,16,1,0.0001,0.001,0.0044730832543705785,1.9393210054710461,2663.1875,,2280.68,0,105.339
79,16,1,0.0001,0.001,0.004559613240331231,1.8547377011060875,2605.3125,,2280.68,0,105.7
80,16,1,0.0001,0.001,0.004573064839944577,2.008679942049657,2606.25,2293.78,2280.68,0,2809.621
81,16,1,0.0001,0.001,0.004507828604771391,1.8595963367930275,2538.25,,2280.68,0,105.004
82,16,1,0.0001,0.001,0.004608375473210488,1.9631859980287614,2623.625,,2280.68,0,105.066
83,16,1,0.0001,0.001,0.004342029409615994,1.9494959397731715,2604.6875,,2280.68,0,105.39
84,16,1,0.0001,0.001,0.004651025903271773,1.9581989448590342,2689.125,,2280.68,0,105.456
85,16,1,0.0001,0.001,0.004599430203427267,2.0165262752646176,2652.5,,2280.68,0,104.931
86,16,1,0.0001,0.001,0.004495254093238907,1.9505199509412123,2667.125,,2280.68,0,104.93
87,16,1,0.0001,0.001,0.004529590195372902,1.9700335142619705,2622.125,,2280.68,0,105.021
88,16,1,0.0001,0.001,0.004565443427351514,2.010848499970824,2696.8125,,2280.68,0,104.804
89,16,1,0.0001,0.001,0.00450135857551643,1.8915854286599605,2553.8125,,2280.68,0,104.73
90,16,1,0.0001,0.001,0.004582784769471221,1.9220111651305896,2645.6875,2292.02,2280.68,0,2801.941
91,16,1,0.0001,0.001,0.004410640270933789,1.7672087199044892,2420.5,,2280.68,0,105.383
92,16,1,0.0001,0.001,0.004686375037390011,2.029284261080505,2587.0625,,2280.68,0,105.341
93,16,1,0.0001,0.001,0.00462439658895663,1.8682650387861301,2713.1875,,2280.68,0,105.438
94,16,1,0.0001,0.001,0.004553027691194033,2.1696612875843577,2580.0625,,2280.68,0,105.74
95,16,1,0.0001,0.001,0.004613426839666753,2.012201198850787,2697.9375,,2280.68,0,105.735
96,16,1,0.0001,0.001,0.004555762958887766,1.8937899220693324,2578.875,,2280.68,0,105.714
97,16,1,0.0001,0.001,0.004716752821850839,1.982556536304316,2644.1875,,2280.68,0,105.361
98,16,1,0.0001,0.001,0.004669847038053331,1.97849129481795,2524.1875,,2280.68,0,105.469
99,16,1,0.0001,0.001,0.004562255393377233,1.873047072606608,2632.5,,2280.68,0,105.588
100,16,1,0.0001,0.001,0.004592751368089694,1.8972871815478414,2618.0,2286.64,2280.68,0,2805.999
1,16,1,0.0001,0.001,0.002672131805824868,-0.9494695708350062,2723.5625,,,0,218.689
2,16,1,0.0001,0.001,0.0027735530245123173,-1.5990035577567092,2731.5,,,0,218.22
3,16,1,0.0001,0.001,0.0026726609538448034,-1.776426415152686,2700.3125,,,0,218.24
4,16,1,0.0001,0.001,0.00279061770014489,-1.6130969341409416,2716.875,,,0,218.216
5,16,1,0.0001,0.001,0.002761883900757792,-1.9226548130498782,2723.625,,,0,218.115
6,16,1,0.0001,0.001,0.002764781768310155,-2.347374595266476,2713.8125,,,0,217.878
7,16,1,0.0001,0.001,0.002755791235184603,-1.714315893899884,2602.6875,,,0,216.906
8,16,1,0.0001,0.001,0.0027554754597566224,-0.9905973296906601,2722.875,,,0,218.57
9,16,1,0.0001,0.001,0.0028540300405362684,-1.7849574216809028,2647.125,,,0,219.043
10,16,1,0.0001,0.001,0.0027281785979814833,-1.997713041031366,2729.25,2361.66,2361.66,1,5692.839
11,16,1,0.0001,0.001,0.002761079762885886,-1.6664795186215857,2619.875,,2361.66,0,216.419
12,16,1,0.0001,0.001,0.002830828055996548,-1.0530811011332715,2718.5625,,2361.66,0,218.429
13,16,1,0.0001,0.001,0.002744467301453767,-1.9473125754849914,2681.4375,,2361.66,0,218.649
14,16,1,0.0001,0.001,0.0027094793866567386,-1.9987642494787712,2697.4375,,2361.66,0,218.534
15,16,1,0.0001,0.001,0.002733199499419032,-1.5505663246821144,2729.9375,,2361.66,0,217.854
16,16,1,0.0001,0.001,0.002888364005243502,-2.5177190841338875,2715.25,,2361.66,0,217.384
17,16,1,0.0001,0.001,0.0027657448820854027,-1.6210483073670372,2651.0,,2361.66,0,217.8
18,16,1,0.0001,0.001,0.0028705475712345737,-2.164150656329835,2687.0,,2361.66,0,217.627
19,16,1,0.0001,0.001,0.0027741666936067265,-1.6917747945258006,2567.3125,,2361.66,0,218.068
20,16,1,0.0001,0.001,0.0026537004013503325,-1.5007451044313351,2711.25,2319.84,2319.84,1,5701.243
21,16,1,0.0001,0.001,0.002796644308926826,-2.050490498695668,2689.75,,2319.84,0,217.862
22,16,1,0.0001,0.001,0.002734041236655414,-1.507321089801318,2663.4375,,2319.84,0,217.88
23,16,1,0.0001,0.001,0.0029619295731077183,-1.537676258279487,2690.0625,,2319.84,0,217.917
24,16,1,0.0001,0.001,0.002700759346050041,-1.5138232664090552,2809.8125,,2319.84,0,217.776
25,16,1,0.0001,0.001,0.0027870774780863264,-1.6088418049125244,2699.0625,,2319.84,0,217.707
26,16,1,0.0001,0.001,0.0028353456478508827,-1.4825714956121514,2663.75,,2319.84,0,217.918
27,16,1,0.0001,0.001,0.0028357590599579854,-2.123325809263567,2713.0,,2319.84,0,217.736
28,16,1,0.0001,0.001,0.0027914237852932947,-0.9798943077066605,2779.0625,,2319.84,0,217.764
29,16,1,0.0001,0.001,0.0027109891124255316,-1.286517242176548,2763.9375,,2319.84,0,217.639
30,16,1,0.0001,0.001,0.002792437464533587,-1.9165708224427942,2668.25,2360.68,2319.84,0,5684.772
31,16,1,0.0001,0.001,0.0026953827064504316,-0.7089210084981483,2681.1875,,2319.84,0,217.702
32,16,1,0.0001,0.001,0.0026860929989158083,-1.847564537284634,2671.3125,,2319.84,0,217.724
33,16,1,0.0001,0.001,0.0027384869209432445,-1.3850285014724288,2741.6875,,2319.84,0,217.543
34,16,1,0.0001,0.001,0.002713578111078674,-1.1651666903055033,2567.3125,,2319.84,0,217.872
35,16,1,0.0001,0.001,0.002617088391377106,-1.1791914990983243,2692.75,,2319.84,0,217.648
36,16,1,0.0001,0.001,0.0027513147582611656,-1.8245257301691256,2654.3125,,2319.84,0,216.756
37,16,1,0.0001,0.001,0.0027226468668803258,-1.9167363956407386,2583.5625,,2319.84,0,217.418
38,16,1,0.0001,0.001,0.002832718131834393,-1.648394244626026,2715.9375,,2319.84,0,216.98
39,16,1,0.0001,0.001,0.002827363580495281,-0.8612484365277326,2676.375,,2319.84,0,217.678
40,16,1,0.0001,0.001,0.002796414158860901,-1.7737130405789467,2612.0625,2358.8,2319.84,0,5683.029
41,16,1,0.0001,0.001,0.0027799145853882024,-2.424255509426808,2591.6875,,2319.84,0,218.117
42,16,1,0.0001,0.001,0.0028368856871401867,-1.5943620582693832,2598.125,,2319.84,0,217.672
43,16,1,0.0001,0.001,0.0027670677036614817,-1.9085114759550819,2639.4375,,2319.84,0,217.7
44,16,1,0.0001,0.001,0.0027245305858426268,-1.773965294995371,2706.4375,,2319.84,0,218.669
45,16,1,0.0001,0.001,0.0028106593651911218,-1.717647959863052,2668.8125,,2319.84,0,217.958
46,16,1,0.0001,0.001,0.0026855601468762443,-1.7804246961689494,2641.0625,,2319.84,0,218.033
47,16,1,0.0001,0.001,0.002951202402541339,-0.5612660531454687,2621.9375,,2319.84,0,218.963
48,16,1,0.0001,0.001,0.0026757035630586203,-2.1006012364134388,2726.4375,,2319.84,0,217.812
49,16,1,0.0001,0.001,0.0027644512269723634,-2.1614720440941624,2737.625,,2319.84,0,217.531
50,16,1,0.0001,0.001,0.0025944814495860616,-1.800169371852517,2648.8125,2320.08,2319.84,0,5701.307
51,16,1,0.0001,0.001,0.0028709606047514417,-1.5449694549905317,2758.3125,,2319.84,0,218.092
52,16,1,0.0001,0.001,0.00266278635378874,-2.1860961778945738,2681.0625,,2319.84,0,218.139
53,16,1,0.0001,0.001,0.002917375067683628,-0.8936771323668884,2612.5625,,2319.84,0,218.066
54,16,1,0.0001,0.001,0.0027563142104118574,0.13427385528018784,2650.0625,,2319.84,0,217.985
55,16,1,0.0001,0.001,0.0028248512274376193,-1.0113992718449842,2781.0625,,2319.84,0,217.638
56,16,1,0.0001,0.001,0.0027510968913590722,-0.7959944140853195,2783.375,,2319.84,0,217.849
57,16,1,0.0001,0.001,0.0026793611908836725,-1.2746458910599383,2673.875,,2319.84,0,218.04
58,16,1,0.0001,0.001,0.00273409884290267,-1.690289030545445,2640.8125,,2319.84,0,217.706
59,16,1,0.0001,0.001,0.00288481763694913,-1.8072722915730324,2739.5,,2319.84,0,217.739
60,16,1,0.0001,0.001,0.0027396881434977828,-1.2197428839390907,2674.9375,2323.54,2319.84,0,5687.949
61,16,1,0.0001,0.001,0.0027187870199285964,-1.5978947340305576,2639.5,,2319.84,0,217.961
62,16,1,0.0001,0.001,0.0027558263863521493,-1.8409932291347357,2610.1875,,2319.84,0,217.867
63,16,1,0.0001,0.001,0.0027743381268761674,-1.407411495500646,2636.4375,,2319.84,0,217.694
64,16,1,0.0001,0.001,0.0028392486899631495,-1.5529403649729168,2734.0,,2319.84,0,217.636
65,16,1,0.0001,0.001,0.0027682241140658875,-0.5485586810316541,2770.4375,,2319.84,0,217.59
66,16,1,0.0001,0.001,0.0029115305241149713,-1.4013325157051704,2666.75,,2319.84,0,217.719
67,16,1,0.0001,0.001,0.002740485387763992,-1.8076854572227878,2603.25,,2319.84,0,217.895
68,16,1,0.0001,0.001,0.0028444321066020523,-1.3379004464743016,2652.375,,2319.84,0,217.914
69,16,1,0.0001,0.001,0.002826008824148485,-1.2701900237370674,2693.125,,2319.84,0,218.26
70,16,1,0.0001,0.001,0.0027924809320136737,-1.085379211703174,2640.875,2364.04,2319.84,0,5710.531
71,16,1,0.0001,0.001,0.002751688724502271,-1.7409773801687742,2742.375,,2319.84,0,219.481
72,16,1,0.0001,0.001,0.002710054978372918,-1.0634419101393735,2654.125,,2319.84,0,218.163
73,16,1,0.0001,0.001,0.0027532171329290884,-2.1909751618888387,2686.1875,,2319.84,0,219.707
74,16,1,0.0001,0.001,0.002741689942592065,-0.6785512498345826,2808.375,,2319.84,0,219.306
75,16,1,0.0001,0.001,0.0027322313710616696,-2.310734731534358,2682.625,,2319.84,0,219.283
76,16,1,0.0001,0.001,0.00274161251146093,-2.049884940611989,2612.0,,2319.84,0,217.452
77,16,1,0.0001,0.001,0.0029547864947153096,-1.3163727811083448,2642.75,,2319.84,0,217.942
78,16,1,0.0001,0.001,0.0027335149920782974,-1.9749202097046639,2654.0,,2319.84,0,218.212
79,16,1,0.0001,0.001,0.0027012453371289507,-1.6690689405360177,2695.25,,2319.84,0,219.267
80,16,1,0.0001,0.001,0.0028265191710150394,-1.2878184335632252,2735.125,2328.64,2319.84,0,5707.227
81,16,1,0.0001,0.001,0.002668543294990849,-0.22699140939043957,2716.1875,,2319.84,0,216.767
82,16,1,0.0001,0.001,0.002747338780342276,-1.9431182033911785,2616.375,,2319.84,0,216.777
83,16,1,0.0001,0.001,0.0028020428411564217,-0.9317240998918835,2669.1875,,2319.84,0,218.121
84,16,1,0.0001,0.001,0.00279268519399245,-1.048271754276077,2698.875,,2319.84,0,216.134
85,16,1,0.0001,0.001,0.0027386678495049765,-2.259579919383901,2640.875,,2319.84,0,219.242
86,16,1,0.0001,0.001,0.002719584239249876,-1.5210346559185446,2582.0,,2319.84,0,218.737
87,16,1,0.0001,0.001,0.0028007968865304857,-2.1390434777510285,2587.6875,,2319.84,0,216.434
88,16,1,0.0001,0.001,0.0027217128364102603,-2.1816102338234384,2696.3125,,2319.84,0,217.928
89,16,1,0.0001,0.001,0.002861914816740713,-1.2385084701628053,2717.3125,,2319.84,0,219.021
1,16,1,0.0001,0.001,0.002869323729344558,-2.0065444799341603,2612.5625,,,0,218.621
2,16,1,0.0001,0.001,0.0027636596050854643,-0.46418243721371166,2836.0,,,0,218.363
3,16,1,0.0001,0.001,0.0027487295310665203,-1.341274119097384,2781.25,,,0,217.965
4,16,1,0.0001,0.001,0.0028489299789830765,-1.7093326451814894,2769.125,,,0,218.029
5,16,1,0.0001,0.001,0.002820238694948561,-2.0053978479529975,2771.8125,,,0,217.758
6,16,1,0.0001,0.001,0.002725146540849401,-1.5396261397224393,2763.3125,,,0,217.602
7,16,1,0.0001,0.001,0.0026706252161684233,-1.7955477214097748,2774.25,,,0,218.467
8,16,1,0.0001,0.001,0.0028669776104634855,-2.0563126740323954,2765.9375,,,0,218.171
9,16,1,0.0001,0.001,0.002720858133316855,-0.5873801652838097,2745.3125,,,0,217.825
10,16,1,0.0001,0.001,0.0027261420737516883,-0.7109422947529069,2769.5,2436.24,2436.24,1,5712.211
11,16,1,0.0001,0.001,0.0028576024088901746,-1.7720566052835947,2806.0625,,2436.24,0,218.513
12,16,1,0.0001,0.001,0.0026909406364005375,-0.7399589356000983,2774.3125,,2436.24,0,218.538
13,16,1,0.0001,0.001,0.002807343425908074,-1.285324937588766,2760.125,,2436.24,0,218.566
14,16,1,0.0001,0.001,0.002865745733207294,-1.4463325546788084,2820.5,,2436.24,0,218.552
15,16,1,0.0001,0.001,0.002715640426907708,-0.3698127311971022,2847.6875,,2436.24,0,218.906
16,16,1,0.0001,0.001,0.0027661305056480272,-2.2458527100501624,2822.125,,2436.24,0,219.064
17,16,1,0.0001,0.001,0.0029186889327365976,-1.5828036762806006,2853.375,,2436.24,0,218.879
18,16,1,0.0001,0.001,0.002802923537012841,-0.9394946740341837,2759.75,,2436.24,0,218.981
19,16,1,0.0001,0.001,0.0026855495116158297,-1.3373343602382821,2772.625,,2436.24,0,218.641
20,16,1,0.0001,0.001,0.0027956875966256285,-1.426924605726004,2771.5,2408.08,2408.08,1,5694.193
21,16,1,0.0001,0.001,0.0027006642855574537,-0.724792432997939,2795.3125,,2408.08,0,217.568
22,16,1,0.0001,0.001,0.002845894350274305,-1.2974272177355133,2774.625,,2408.08,0,217.764
23,16,1,0.0001,0.001,0.0027811023172901574,-1.8399954011759678,2725.0,,2408.08,0,217.899
24,16,1,0.0001,0.001,0.0026904996663088183,-2.1159355908235553,2812.3125,,2408.08,0,217.833
25,16,1,0.0001,0.001,0.0027962471374642587,-2.1530459297159728,2788.125,,2408.08,0,217.833
26,16,1,0.0001,0.001,0.0028852972176598222,-1.384985998589658,2717.4375,,2408.08,0,217.763
27,16,1,0.0001,0.001,0.0028067967922295123,-1.937039097605179,2749.875,,2408.08,0,218.402
28,16,1,0.0001,0.001,0.0028025757585932215,-0.4367956612488262,2842.25,,2408.08,0,218.395
29,16,1,0.0001,0.001,0.00278271736303813,-1.408061790814654,2693.0625,,2408.08,0,218.028
30,16,1,0.0001,0.001,0.002809675285062679,-1.7360986324848173,2617.6875,2422.42,2408.08,0,5677.227
31,16,1,0.0001,0.001,0.002737475999153285,-0.8962615173285555,2784.9375,,2408.08,0,218.933
32,16,1,0.0001,0.001,0.0027432572546450045,-1.4565827924726271,2725.625,,2408.08,0,218.38
33,16,1,0.0001,0.001,0.002723386163684755,-1.261847059695124,2816.6875,,2408.08,0,216.528
34,16,1,0.0001,0.001,0.002802818981105105,-1.6823502430480244,2818.9375,,2408.08,0,217.225
35,16,1,0.0001,0.001,0.002984983358182436,-0.6977251820549166,2787.9375,,2408.08,0,217.253
36,16,1,0.0001,0.001,0.0028296973886944403,-1.8799850816992003,2800.5625,,2408.08,0,216.912
37,16,1,0.0001,0.001,0.002764198357851054,-0.6998097764908922,2892.125,,2408.08,0,216.892
38,16,1,0.0001,0.001,0.002892009201017619,-1.3119258556352196,2840.3125,,2408.08,0,217.16
39,16,1,0.0001,0.001,0.0027497256004587237,-1.4898681005607086,2816.6875,,2408.08,0,216.527
40,16,1,0.0001,0.001,0.0029122464658262676,-0.7436113473772763,2796.625,2435.4,2408.08,0,5663.161
41,16,1,0.0001,0.001,0.002733698721910941,-0.844525020547609,2695.6875,,2408.08,0,217.627
42,16,1,0.0001,0.001,0.0027892341131090675,-1.6321344733940877,2624.0625,,2408.08,0,217.72
43,16,1,0.0001,0.001,0.0027843770142762605,-1.8868923738973777,2702.8125,,2408.08,0,216.705
44,16,1,0.0001,0.001,0.002671863790190693,-1.116139261084014,2829.9375,,2408.08,0,217.816
45,16,1,0.0001,0.001,0.002735007387371224,-1.787135272440531,2747.625,,2408.08,0,218.529
46,16,1,0.0001,0.001,0.002736022080249637,-1.076584857826635,2750.0,,2408.08,0,218.018
47,16,1,0.0001,0.001,0.0028041138657189345,-1.4497260895445816,2696.5625,,2408.08,0,216.233
48,16,1,0.0001,0.001,0.002743254575181316,-1.4942642609210872,2801.875,,2408.08,0,217.901
49,16,1,0.0001,0.001,0.0028195346795746945,-1.6007121344530568,2674.3125,,2408.08,0,216.83
50,16,1,0.0001,0.001,0.0026881890482151945,-1.708274910877379,2833.125,2417.18,2408.08,0,5703.055
51,16,1,0.0001,0.001,0.002773558089100504,-1.3100620185651883,2678.875,,2408.08,0,217.201
52,16,1,0.0001,0.001,0.0028331404239166375,-0.5229835345070384,2802.0625,,2408.08,0,215.815
53,16,1,0.0001,0.001,0.0028025885795432107,-1.4226141902304026,2827.0,,2408.08,0,217.472
54,16,1,0.0001,0.001,0.0027564293563800578,-1.6421715838603355,2733.25,,2408.08,0,217.817
55,16,1,0.0001,0.001,0.00289809269666838,-1.3339042673793151,2907.5,,2408.08,0,217.898
56,16,1,0.0001,0.001,0.0027426295840549913,-1.5136620614111063,2729.625,,2408.08,0,217.956
57,16,1,0.0001,0.001,0.002741794430766078,-1.9543571314356718,2798.4375,,2408.08,0,217.847
58,16,1,0.0001,0.001,0.002697960542639228,-1.1256075732510173,2797.5,,2408.08,0,217.849
59,16,1,0.0001,0.001,0.002717129075965471,-2.043921857451553,2813.25,,2408.08,0,216.765
60,16,1,0.0001,0.001,0.002801520502793767,-0.6564213067166735,2732.625,2399.9,2399.9,1,5656.677
61,16,1,0.0001,0.001,0.002801923901355122,-0.9180806517975055,2712.125,,2399.9,0,216.783
62,16,1,0.0001,0.001,0.002829533986393133,-1.984724768453224,2859.0,,2399.9,0,216.511
63,16,1,0.0001,0.001,0.0029027813872987617,-1.7539698521703417,2808.125,,2399.9,0,216.086
64,16,1,0.0001,0.001,0.0028279554324828777,-0.25902517016331716,2650.5,,2399.9,0,217.341
65,16,1,0.0001,0.001,0.002709748425637021,-0.9950007838232473,2794.0,,2399.9,0,217.366
66,16,1,0.0001,0.001,0.0027102993164708758,-0.7470821854841386,2745.0625,,2399.9,0,217.284
67,16,1,0.0001,0.001,0.0028476909271568595,-1.0842995116507286,2746.0,,2399.9,0,217.576
68,16,1,0.0001,0.001,0.002891836971986831,-1.0830149197833792,2699.75,,2399.9,0,217.786
69,16,1,0.0001,0.001,0.0028461237782959276,-1.3729318870374279,2790.9375,,2399.9,0,217.685
70,16,1,0.0001,0.001,0.002902034609003991,-1.7757918700575313,2827.0625,2423.32,2399.9,0,5671.625
71,16,1,0.0001,0.001,0.002873687889137248,-1.3479947726625212,2748.3125,,2399.9,0,218.216
72,16,1,0.0001,0.001,0.0027994453560975254,-0.6190244552520265,2716.8125,,2399.9,0,216.968
73,16,1,0.0001,0.001,0.0030359386689279943,-1.6838484021642663,2832.3125,,2399.9,0,216.955
74,16,1,0.0001,0.001,0.0027181195397640422,-0.9317833398499132,2812.6875,,2399.9,0,217.143
75,16,1,0.0001,0.001,0.0027389901900162477,-1.9989439703027725,2858.875,,2399.9,0,216.941
76,16,1,0.0001,0.001,0.0026925836344806283,-1.9478345499523908,2806.375,,2399.9,0,218.811
77,16,1,0.0001,0.001,0.00278517206483517,-1.2491022453076295,2855.25,,2399.9,0,218.849
78,16,1,0.0001,0.001,0.002766058515456822,-1.7693838441478282,2719.5,,2399.9,0,218.322
79,16,1,0.0001,0.001,0.002846855510396222,-1.5267438871175523,2886.5625,,2399.9,0,219.063
80,16,1,0.0001,0.001,0.002784610835369518,0.6155088674709908,2829.1875,2408.12,2399.9,0,5694.575
81,16,1,0.0001,0.001,0.002704428411977692,-1.5423524616724122,2694.125,,2399.9,0,218.223
82,16,1,0.0001,0.001,0.0027713867901479976,-1.4979475195512035,2879.1875,,2399.9,0,218.769
83,16,1,0.0001,0.001,0.0028298406260783447,-2.188660517378182,2771.375,,2399.9,0,218.782
84,16,1,0.0001,0.001,0.002779805644435834,-1.3174943136562522,2732.8125,,2399.9,0,218.415
85,16,1,0.0001,0.001,0.002829752365204975,-1.385581320643173,2776.3125,,2399.9,0,217.984
86,16,1,0.0001,0.001,0.0027278139244752086,-1.3966613244444528,2832.1875,,2399.9,0,217.787
87,16,1,0.0001,0.001,0.002879632656982249,-1.2842005772086806,2800.0,,2399.9,0,218.159
88,16,1,0.0001,0.001,0.002809939893846485,-1.8301607099356865,2864.0625,,2399.9,0,219.172
89,16,1,0.0001,0.001,0.0027954764111685834,0.1424197038810463,2835.875,,2399.9,0,218.669
90,16,1,0.0001,0.001,0.002721397883908357,-1.394933046997583,2745.375,2431.34,2399.9,0,5697.743
91,16,1,0.0001,0.001,0.0027171054363034973,-0.6599484009583341,2759.625,,2399.9,0,217.891
92,16,1,0.0001,0.001,0.0027964163226772407,-1.6087748434003404,2845.3125,,2399.9,0,218.927
93,16,1,0.0001,0.001,0.0027539579343001924,-1.7729051823445556,2704.8125,,2399.9,0,218.407
94,16,1,0.0001,0.001,0.0027576187333159872,-2.471520219048685,2656.875,,2399.9,0,219.034
95,16,1,0.0001,0.001,0.002812539870103164,-0.25522455476047295,2798.875,,2399.9,0,218.922
96,16,1,0.0001,0.001,0.002587648001432651,-1.106677232371094,2718.6875,,2399.9,0,217.563
97,16,1,0.0001,0.001,0.002766683562360192,-2.248646025873837,2800.375,,2399.9,0,219.028
98,16,1,0.0001,0.001,0.0027233737061520243,-0.7479021433307135,2790.5625,,2399.9,0,218.567
99,16,1,0.0001,0.001,0.0027176460405445415,-1.6201434493237752,2792.3125,,2399.9,0,218.991
100,16,1,0.0001,0.001,0.002740554948105622,-1.876149298093825,2754.0,2404.84,2399.9,0,5701.413
1,16,1,0.0001,0.001,0.00045418073959714003,0.2108584651723504,1895.25,,,0,199.409
2,16,1,0.0001,0.001,0.00044796565368540836,0.1885769134387374,1779.125,,,0,199.185
1,16,1,0.0001,0.001,0.0030949099650196227,0.163034105155831,1561.75,,,0,206.552
2,16,1,0.0001,0.001,0.002770832259916217,0.1571702601775047,1569.3125,,,0,206.269
3,16,1,0.0001,0.001,0.0029756222764640854,0.1843240501887433,1577.625,,,0,206.861
4,16,1,0.0001,0.001,0.0029475057641091718,0.6765846396957703,1546.375,,,0,206.962
1,16,1,0.0001,0.001,0.0027545629493189124,1.2014238638738641,2495.375,,,0,207.346
2,16,1,0.0001,0.001,0.002645263515661191,1.5102474477081036,2270.375,,,0,206.053
3,16,1,0.0001,0.001,0.002459869627458824,0.8393400903850667,2421.8125,,,0,206.21
4,16,1,0.0001,0.001,0.0024685952085489902,0.586943929244467,2115.4375,,,0,205.869
5,16,1,0.0001,0.001,0.0027208902431972762,0.75054458990693,2283.5625,,,0,205.956
6,16,1,0.0001,0.001,0.0026285173783235994,0.846055060275802,2194.4375,,,0,205.966
7,16,1,0.0001,0.001,0.0026141901453033377,1.160380491903369,2287.625,,,0,206.599
8,16,1,0.0001,0.001,0.002536444846041448,0.5641942384935095,2191.625,,,0,206.86
9,16,1,0.0001,0.001,0.002719354211629309,0.9446945724598066,2365.0,,,0,206.89
1,16,1,0.0001,0.001,0.002971765187691334,0.2664137705823792,1993.1875,,,0,207.722
2,16,1,0.0001,0.001,0.0028273262264631293,0.8800798179754545,1901.5625,,,0,207.649
3,16,1,0.0001,0.001,0.003023204420897176,0.8953264529882088,2038.0625,,,0,207.716
4,16,1,0.0001,0.001,0.0027367572217649135,0.3437103500559832,1995.625,,,0,208.015
5,16,1,0.0001,0.001,0.0028348537023813103,0.6720596882531203,2003.9375,,,0,207.788
6,16,1,0.0001,0.001,0.003103527753506085,0.4729740840156576,1983.75,,,0,207.841
7,16,1,0.0001,0.001,0.0027805397493618493,1.1040448068517072,1991.3125,,,0,207.503
8,16,1,0.0001,0.001,0.002997858570807202,0.7813728921235831,2017.5625,,,0,207.495
9,16,1,0.0001,0.001,0.003075801009727546,0.9499111609070545,2032.1875,,,0,207.43
10,16,1,0.0001,0.001,0.002829640364828403,0.37759076236111794,1954.0625,4410.76,4410.76,1,5719.593
11,16,1,0.0001,0.001,0.002835146837583743,0.22708673073620517,1919.125,,4410.76,0,207.983
12,16,1,0.0001,0.001,0.0031309815354744236,0.8357870734738277,1969.625,,4410.76,0,207.611
13,16,1,0.0001,0.001,0.003118544323393831,0.34143349089029706,2068.375,,4410.76,0,207.19
14,16,1,0.0001,0.001,0.0030720961165628725,0.2524362170021637,2030.5625,,4410.76,0,207.125
15,16,1,0.0001,0.001,0.0031245312588625133,0.4896936996841523,1959.4375,,4410.76,0,207.239
16,16,1,0.0001,0.001,0.002904657511041909,1.2114646132993723,1963.1875,,4410.76,0,207.076
17,16,1,0.0001,0.001,0.0028849760826251242,0.6419752241461432,1933.8125,,4410.76,0,207.469
18,16,1,0.0001,0.001,0.0029916426550409773,0.08234242395438107,1986.875,,4410.76,0,207.352
19,16,1,0.0001,0.001,0.003047724864473543,0.21615886334612386,1975.8125,,4410.76,0,207.401
20,16,1,0.0001,0.001,0.0030018510750947696,0.3928590540758262,1979.1875,4408.62,4408.62,1,5725.281
21,16,1,0.0001,0.001,0.003057473613180338,0.736186127393173,1990.4375,,4408.62,0,207.263
22,16,1,0.0001,0.001,0.0030396064175425425,0.4868439210867709,2007.0625,,4408.62,0,207.245
23,16,1,0.0001,0.001,0.0030875544079500754,0.8995604406267973,1888.5,,4408.62,0,207.233
24,16,1,0.0001,0.001,0.0029418262778352086,0.49215513660212007,1970.625,,4408.62,0,208.037
25,16,1,0.0001,0.001,0.002774256348109159,0.7411361573903219,1914.0,,4408.62,0,207.602
26,16,1,0.0001,0.001,0.002799857917940713,1.279024492719674,1913.0,,4408.62,0,207.315
27,16,1,0.0001,0.001,0.003089157262597885,0.4103898827483511,2027.0,,4408.62,0,207.302
28,16,1,0.0001,0.001,0.003109701284849376,0.8986633520951454,1994.625,,4408.62,0,207.334
29,16,1,0.0001,0.001,0.003072845102861758,0.6740328546868508,1961.3125,,4408.62,0,207.675
30,16,1,0.0001,0.001,0.003033458183291287,0.24011090244064598,2007.6875,4425.46,4408.62,0,5718.2
31,16,1,0.0001,0.001,0.003169706037643516,0.14567563341268006,1939.9375,,4408.62,0,207.269
32,16,1,0.0001,0.001,0.002833479724617485,0.4730762765334826,1954.6875,,4408.62,0,207.1
33,16,1,0.0001,0.001,0.002908414964543271,0.4312499423357112,1867.375,,4408.62,0,207.13
34,16,1,0.0001,0.001,0.003002573969058648,0.6754675840585351,1931.75,,4408.62,0,207.109
35,16,1,0.0001,0.001,0.0027524339367179826,0.7703126045691332,1938.9375,,4408.62,0,207.115
36,16,1,0.0001,0.001,0.0028814813360854767,0.36523294023601677,1908.625,,4408.62,0,207.082
37,16,1,0.0001,0.001,0.0029772984204349674,0.6545236556434034,1988.0,,4408.62,0,207.183
38,16,1,0.0001,0.001,0.0029452521244514238,0.5668542278978316,1997.3125,,4408.62,0,207.332
39,16,1,0.0001,0.001,0.002977686115831617,0.3581312530894484,1884.5,,4408.62,0,207.211
40,16,1,0.0001,0.001,0.0029929623221399073,0.7101475601054572,1946.75,4391.6,4391.6,1,5717.082
41,16,1,0.0001,0.001,0.0027367562440365678,0.11653951678833482,1941.625,,4391.6,0,207.962
42,16,1,0.0001,0.001,0.0027739264047074073,0.759707517536709,1925.3125,,4391.6,0,208.016
43,16,1,0.0001,0.001,0.003012228059385338,0.22790393801211312,2044.4375,,4391.6,0,207.778
44,16,1,0.0001,0.001,0.0030936408753706158,0.33648209371168153,1912.8125,,4391.6,0,207.222
45,16,1,0.0001,0.001,0.002948599293618538,0.531607924900451,1916.8125,,4391.6,0,208.231
46,16,1,0.0001,0.001,0.0028468963817076657,0.8397627159678869,1893.5,,4391.6,0,207.731
47,16,1,0.0001,0.001,0.002780949214672429,0.5594486145268963,1921.5,,4391.6,0,208.063
48,16,1,0.0001,0.001,0.0029006132480041183,0.8701549008409766,1926.25,,4391.6,0,208.252
49,16,1,0.0001,0.001,0.0030675568759159747,0.784809785230422,1909.75,,4391.6,0,208.21
50,16,1,0.0001,0.001,0.002900041173237786,0.8782551140240759,1851.125,4383.38,4383.38,1,5725.141
51,16,1,0.0001,0.001,0.0028735329589590765,0.45333545688342003,1928.5,,4383.38,0,206.943
52,16,1,0.0001,0.001,0.002986753674224409,0.1799869456753693,1814.6875,,4383.38,0,207.083
53,16,1,0.0001,0.001,0.002989176351716643,0.32944174927511094,1975.8125,,4383.38,0,207.362
54,16,1,0.0001,0.001,0.0029644681879884838,0.32431246121890533,1902.5,,4383.38,0,207.419
55,16,1,0.0001,0.001,0.002893965624102004,0.3925746870436725,1953.8125,,4383.38,0,207.588
56,16,1,0.0001,0.001,0.0029836899435573038,2.0330370894705316,1960.5,,4383.38,0,207.735
57,16,1,0.0001,0.001,0.0030334961618424866,0.32661281284828253,1989.1875,,4383.38,0,207.747
58,16,1,0.0001,0.001,0.0027688759070547196,0.220992217295899,1908.3125,,4383.38,0,207.358
59,16,1,0.0001,0.001,0.0028988180825918327,0.3991331588583841,1899.875,,4383.38,0,207.169
60,16,1,0.0001,0.001,0.0026481941731494587,1.4198738349157103,1968.1875,4347.64,4347.64,1,5709.371
61,16,1,0.0001,0.001,0.002829197263468135,0.9285307103361717,1928.1875,,4347.64,0,207.964
62,16,1,0.0001,0.001,0.002988566510255971,0.7954738504092324,1908.25,,4347.64,0,207.655
63,16,1,0.0001,0.001,0.0028877369639239304,0.5757484767415431,2007.875,,4347.64,0,207.387
64,16,1,0.0001,0.001,0.0027675421312811487,0.4832813333978185,1762.0625,,4347.64,0,207.463
65,16,1,0.0001,0.001,0.002839216906287434,0.25857516990498397,1902.0,,4347.64,0,207.583
66,16,1,0.0001,0.001,0.002738225734669591,0.3004054133242419,1863.25,,4347.64,0,207.405
67,16,1,0.0001,0.001,0.0028512992772629507,0.7778624699031758,1872.9375,,4347.64,0,207.547
68,16,1,0.0001,0.001,0.002782049200531641,0.5675376077028053,1923.75,,4347.64,0,207.548
69,16,1,0.0001,0.001,0.0025676243741563905,0.8267216948072525,1865.5625,,4347.64,0,208.159
70,16,1,0.0001,0.001,0.0028687198893035193,0.6548780579543348,1986.6875,4344.06,4344.06,1,5724.352
71,16,1,0.0001,0.001,0.002801358755286,1.5924166903583399,1932.6875,,4344.06,0,207.182
72,16,1,0.0001,0.001,0.002922819233334069,0.5145705779300047,1894.5,,4344.06,0,207.059
73,16,1,0.0001,0.001,0.0029577838888877103,0.2507188517921824,1860.1875,,4344.06,0,207.155
74,16,1,0.0001,0.001,0.0029114778455601783,0.11843337196493577,1878.125,,4344.06,0,207.066
75,16,1,0.0001,0.001,0.0029967811837312867,0.7059252352883063,1940.3125,,4344.06,0,207.589
76,16,1,0.0001,0.001,0.0028793340601360787,0.22072935542163047,1877.5,,4344.06,0,207.416
77,16,1,0.0001,0.001,0.0029251503849625896,0.28992091458510955,1979.375,,4344.06,0,207.241
78,16,1,0.0001,0.001,0.0030251552389751407,1.080290826564962,1993.8125,,4344.06,0,207.246
79,16,1,0.0001,0.001,0.002741247585443902,0.8012157113717927,1821.75,,4344.06,0,206.662
80,16,1,0.0001,0.001,0.003093054205799369,0.4572317691904673,1911.3125,4346.98,4344.06,0,5715.094
81,16,1,0.0001,0.001,0.0027361593652464114,0.5871391898546164,1932.0,,4344.06,0,207.516
82,16,1,0.0001,0.001,0.0029746045098373824,0.3860249258812912,1937.875,,4344.06,0,207.457
83,16,1,0.0001,0.001,0.002806509510925012,0.47662640038991505,1947.1875,,4344.06,0,207.717
84,16,1,0.0001,0.001,0.003023228352424049,0.31386426297820785,1870.125,,4344.06,0,206.259
85,16,1,0.0001,0.001,0.002938190352627355,0.3091812278991963,1910.875,,4344.06,0,207.735
86,16,1,0.0001,0.001,0.0029593999142344413,0.2327597399693397,1815.0,,4344.06,0,207.953
87,16,1,0.0001,0.001,0.0027542354818279498,0.24136063937572474,1933.5625,,4344.06,0,207.46
88,16,1,0.0001,0.001,0.0029456136397676635,0.43544863067986295,1974.625,,4344.06,0,207.359
89,16,1,0.0001,0.001,0.0029130899496760763,0.4178482546075317,1904.6875,,4344.06,0,206.387
90,16,1,0.0001,0.001,0.0030706861002008034,0.9124294603698143,1943.3125,4326.1,4326.1,1,5714.379
91,16,1,0.0001,0.001,0.003102708124792074,0.49280154159497197,1939.6875,,4326.1,0,208.113
92,16,1,0.0001,0.001,0.003041281553805215,0.08439524651618961,1880.8125,,4326.1,0,208.22
93,16,1,0.0001,0.001,0.002959746113119137,0.8969459329006686,1946.3125,,4326.1,0,208.244
94,16,1,0.0001,0.001,0.003059646411038821,0.2511856980190179,1910.6875,,4326.1,0,208.259
95,16,1,0.0001,0.001,0.0029620866001823557,0.5239444882751898,1876.625,,4326.1,0,208.233
96,16,1,0.0001,0.001,0.002710970013811622,0.38636863208050715,1807.8125,,4326.1,0,208.203
97,16,1,0.0001,0.001,0.002930971251459214,0.3609651802404285,1862.9375,,4326.1,0,208.201
98,16,1,0.0001,0.001,0.0030640350578083958,0.5235324358395927,1918.75,,4326.1,0,208.03
99,16,1,0.0001,0.001,0.00280238895232674,0.21505358082793075,1837.0625,,4326.1,0,208.156
100,16,1,0.0001,0.001,0.0027695135907726187,0.279996161054002,1813.125,4247.22,4247.22,1,5732.079
1,16,1,0.0001,0.001,0.003109620984001552,0.07606351363573677,1714.625,,,0,208.022
2,16,1,0.0001,0.001,0.0030377359953261745,0.05662003545048379,1784.8125,,,0,207.164
3,16,1,0.0001,0.001,0.003271192396409163,0.9270543240540663,1689.625,,,0,207.022
4,16,1,0.0001,0.001,0.003244637432670363,0.34190571328925456,1720.25,,,0,206.836
5,16,1,0.0001,0.001,0.0031872328724588347,0.14910597301934742,1759.9375,,,0,206.68
6,16,1,0.0001,0.001,0.003061183268231275,0.5865633667258712,1808.375,,,0,206.835
7,16,1,0.0001,0.001,0.0031942987297796373,0.7831461282346063,1932.75,,,0,206.44
8,16,1,0.0001,0.001,0.0033118700818218477,0.2444913835335058,1707.375,,,0,206.53
9,16,1,0.0001,0.001,0.0031878093211756913,0.21445257644713245,1810.6875,,,0,205.67
1,16,1,0.0001,0.001,0.0033134840402738053,0.030117978024406026,1610.6875,,,0,207.91
2,16,1,0.0001,0.001,0.0031388084361270783,0.415913773844915,1633.3125,,,0,207.593
3,16,1,0.0001,0.001,0.003006353809418089,0.6771770231456743,1617.1875,,,0,207.545
4,16,1,0.0001,0.001,0.0030005146474768618,0.2124050510203428,1638.625,,,0,207.656
5,16,1,0.0001,0.001,0.003196652650135894,0.8565581198749752,1577.5,,,0,207.14
6,16,1,0.0001,0.001,0.0032005658912307557,0.17609093072259,1604.3125,,,0,207.109
7,16,1,0.0001,0.001,0.0032628030458724984,0.6584445463145344,1617.6875,,,0,206.811
8,16,1,0.0001,0.001,0.0034735209357038875,1.077732175020409,1590.1875,,,0,207.219
9,16,1,0.0001,0.001,0.0032923168596282726,0.18722016215692527,1665.0,,,0,206.73
10,16,1,0.0001,0.001,0.0030882696791850826,0.642641360889064,1628.375,4433.54,4433.54,1,5713.996
11,16,1,0.0001,0.001,0.00323484770667539,0.562129790812792,1594.0,,4433.54,0,207.781
12,16,1,0.0001,0.001,0.0031194532920134,0.09037719412395157,1633.3125,,4433.54,0,207.548
13,16,1,0.0001,0.001,0.003158604679595901,0.3124314479316626,1633.5,,4433.54,0,207.04
14,16,1,0.0001,0.001,0.0030702165340015007,0.37375060359284545,1633.4375,,4433.54,0,207.171
15,16,1,0.0001,0.001,0.0031722562550702458,0.21180115848661085,1643.25,,4433.54,0,207.651
16,16,1,0.0001,0.001,0.0031019679279772135,0.30367916392490485,1628.8125,,4433.54,0,207.506
17,16,1,0.0001,0.001,0.0032185274770284754,1.0607241541557768,1581.625,,4433.54,0,206.544
18,16,1,0.0001,0.001,0.0031441262274342465,0.570430837555327,1599.625,,4433.54,0,207.555
19,16,1,0.0001,0.001,0.0032620017517316297,0.25007206395677634,1587.6875,,4433.54,0,207.174
20,16,1,0.0001,0.001,0.0032049103699900707,0.4095474027226324,1644.6875,4405.22,4405.22,1,5726.824
21,16,1,0.0001,0.001,0.0031514669958416703,0.19150606713868493,1611.75,,4405.22,0,207.645
22,16,1,0.0001,0.001,0.003221371066372164,0.6234198393820949,1643.6875,,4405.22,0,207.834
23,16,1,0.0001,0.001,0.0033878872809745197,0.32942098825580546,1632.3125,,4405.22,0,207.877
24,16,1,0.0001,0.001,0.00316092989325849,0.9670627107860686,1659.125,,4405.22,0,207.778
25,16,1,0.0001,0.001,0.003291051091436715,0.5715343996270558,1616.25,,4405.22,0,207.724
26,16,1,0.0001,0.001,0.0032589457586650623,0.6408018944994921,1599.4375,,4405.22,0,208.169
27,16,1,0.0001,0.001,0.0032304379184380327,0.3285870479506023,1658.875,,4405.22,0,207.714
28,16,1,0.0001,0.001,0.003078886067986593,0.8559810685690364,1652.25,,4405.22,0,207.025
29,16,1,0.0001,0.001,0.003110219996185645,0.6030439560335649,1601.625,,4405.22,0,206.978
30,16,1,0.0001,0.001,0.0033519449259818116,0.3202529667990904,1540.625,4407.1,4405.22,0,5718.947
31,16,1,0.0001,0.001,0.0030826964447937364,0.42831268147554746,1677.0,,4405.22,0,207.611
32,16,1,0.0001,0.001,0.003381649783402512,0.01381617516822756,1605.5,,4405.22,0,207.023
33,16,1,0.0001,0.001,0.003221115770616356,0.04084534296390315,1616.25,,4405.22,0,206.852
34,16,1,0.0001,0.001,0.00304136193122074,0.06565985728466356,1657.0,,4405.22,0,206.851
35,16,1,0.0001,0.001,0.0031638166396397317,0.5562324301927267,1602.5625,,4405.22,0,206.926
36,16,1,0.0001,0.001,0.003554302483629288,0.3666480965093617,1621.375,,4405.22,0,206.849
37,16,1,0.0001,0.001,0.0031549482369430206,0.2900708718037855,1591.8125,,4405.22,0,206.647
38,16,1,0.0001,0.001,0.0033405437531457923,0.16567540077277948,1591.625,,4405.22,0,206.814
39,16,1,0.0001,0.001,0.0030865245710158676,0.4694259170749795,1606.4375,,4405.22,0,207.066
40,16,1,0.0001,0.001,0.0031497011375531555,0.4405897862235991,1598.125,4399.34,4399.34,1,5718.847
41,16,1,0.0001,0.001,0.0032184845162348246,0.2672632115064177,1611.0,,4399.34,0,206.781
42,16,1,0.0001,0.001,0.003205609636034213,0.35410298046896715,1639.0625,,4399.34,0,206.685
43,16,1,0.0001,0.001,0.0033926430905275575,0.6973212513376363,1617.1875,,4399.34,0,206.784
44,16,1,0.0001,0.001,0.0031965044520222883,0.23365317884387568,1593.0,,4399.34,0,206.75
45,16,1,0.0001,0.001,0.003226999265220078,0.5237466898545514,1624.8125,,4399.34,0,206.716
46,16,1,0.0001,0.001,0.0030875895462346577,0.4125487662575142,1619.4375,,4399.34,0,206.874
47,16,1,0.0001,0.001,0.003447240178879414,0.36502872043272727,1608.6875,,4399.34,0,206.967
48,16,1,0.0001,0.001,0.0033750220549137286,0.7287010809452865,1606.0625,,4399.34,0,207.157
49,16,1,0.0001,0.001,0.003063562611320272,0.1870681771949349,1676.1875,,4399.34,0,207.512
50,16,1,0.0001,0.001,0.0031738833544366508,0.8556015003303924,1600.1875,4371.04,4371.04,1,5719.262
51,16,1,0.0001,0.001,0.003188341880574474,0.5513320537161155,1609.0625,,4371.04,0,207.068
52,16,1,0.0001,0.001,0.0030146937402734707,0.5184305983182146,1621.6875,,4371.04,0,206.906
53,16,1,0.0001,0.001,0.0032672744596139772,0.38395497459645944,1582.875,,4371.04,0,206.848
54,16,1,0.0001,0.001,0.003228810589329205,0.5160423093091613,1639.125,,4371.04,0,206.816
55,16,1,0.0001,0.001,0.0033880552547656973,0.42652476730862765,1615.375,,4371.04,0,206.654
56,16,1,0.0001,0.001,0.003245773315396232,0.49068387699321714,1571.375,,4371.04,0,206.525
57,16,1,0.0001,0.001,0.0032562094236242498,0.4322863648858167,1581.8125,,4371.04,0,206.595
58,16,1,0.0001,0.001,0.003349060852839887,0.44607890940469347,1587.75,,4371.04,0,206.448
59,16,1,0.0001,0.001,0.00311732130769135,0.6666058003455135,1631.5,,4371.04,0,206.47
60,16,1,0.0001,0.001,0.0031691486582600147,0.5481460304890379,1650.25,4326.88,4326.88,1,5726.428
61,16,1,0.0001,0.001,0.003183889077879519,0.7512554273894656,1665.75,,4326.88,0,207.039
62,16,1,0.0001,0.001,0.0032081495558791925,0.22046198735436828,1585.625,,4326.88,0,206.855
63,16,1,0.0001,0.001,0.0033316860580088854,0.9321641496946207,1642.6875,,4326.88,0,206.988
64,16,1,0.0001,0.001,0.003173922343578428,0.3964119413036559,1563.875,,4326.88,0,206.873
65,16,1,0.0001,0.001,0.003331918980370554,0.24042584185423874,1561.8125,,4326.88,0,207.042
66,16,1,0.0001,0.001,0.0033419356606649306,0.07561660664802616,1624.6875,,4326.88,0,207.607
67,16,1,0.0001,0.001,0.0032814968052749085,0.9184072552986531,1623.75,,4326.88,0,208.001
68,16,1,0.0001,0.001,0.0032882336426947687,0.5671807324138879,1642.4375,,4326.88,0,207.96
69,16,1,0.0001,0.001,0.0031432181888483885,0.19795266913897827,1637.25,,4326.88,0,207.82
70,16,1,0.0001,0.001,0.003243109463832385,0.4758684891101893,1627.5,4295.3,4295.3,1,5742.155
71,16,1,0.0001,0.001,0.0032629776255577283,0.31007424497070235,1610.8125,,4295.3,0,206.875
72,16,1,0.0001,0.001,0.0032417763099206157,0.17628073403900166,1615.9375,,4295.3,0,206.622
73,16,1,0.0001,0.001,0.0033029570175695452,0.46652705644505754,1626.9375,,4295.3,0,206.824
74,16,1,0.0001,0.001,0.003276096732094136,0.34660831785767476,1609.75,,4295.3,0,207.437
75,16,1,0.0001,0.001,0.003398407591782622,0.2774538755192125,1526.5625,,4295.3,0,207.397
76,16,1,0.0001,0.001,0.0032733163483398818,0.5005483744303437,1622.5,,4295.3,0,207.13
77,16,1,0.0001,0.001,0.003240700919578186,0.3833509855501273,1593.125,,4295.3,0,207.057
78,16,1,0.0001,0.001,0.003118337748096783,1.0900500596389502,1595.5,,4295.3,0,207.191
79,16,1,0.0001,0.001,0.0035251903970042737,0.5385542656786142,1623.0625,,4295.3,0,206.907
80,16,1,0.0001,0.001,0.003170240638629007,0.594182689773,1634.75,4308.18,4295.3,0,5717.131
81,16,1,0.0001,0.001,0.003235438896938999,0.7345926505875832,1588.9375,,4295.3,0,207.364
82,16,1,0.0001,0.001,0.0031011900622766055,0.6747791522583856,1579.9375,,4295.3,0,208.061
83,16,1,0.0001,0.001,0.003135079128388882,0.15886146968484618,1622.3125,,4295.3,0,207.123
84,16,1,0.0001,0.001,0.003237770012591992,0.18790344343484414,1605.0625,,4295.3,0,206.434
85,16,1,0.0001,0.001,0.00306317534102632,0.7252585255090199,1578.1875,,4295.3,0,207.195
86,16,1,0.0001,0.001,0.0032394609969871252,0.2101296139370511,1627.0,,4295.3,0,208.214
87,16,1,0.0001,0.001,0.003317890855182858,0.17175319620186114,1581.625,,4295.3,0,208.235
88,16,1,0.0001,0.001,0.0032691034735059174,1.1606179658282643,1672.6875,,4295.3,0,208.042
89,16,1,0.0001,0.001,0.003132073454402674,0.1356698378703363,1617.625,,4295.3,0,208.007
90,16,1,0.0001,0.001,0.003070732957796028,0.7374190005357864,1567.125,4269.9,4269.9,1,5736.655
91,16,1,0.0001,0.001,0.003391634516950217,0.08183387902761079,1585.625,,4269.9,0,207.777
92,16,1,0.0001,0.001,0.0033345416526164478,0.5757440354891579,1581.6875,,4269.9,0,207.254
93,16,1,0.0001,0.001,0.003422559408701731,0.12251802746983272,1575.1875,,4269.9,0,208.004
94,16,1,0.0001,0.001,0.003108019100006893,0.471294166738398,1656.75,,4269.9,0,208.169
95,16,1,0.0001,0.001,0.003104838719336995,0.3925502795455809,1619.125,,4269.9,0,208.104
96,16,1,0.0001,0.001,0.003267178782854654,0.6753901696857585,1600.25,,4269.9,0,208.169
97,16,1,0.0001,0.001,0.0033273545827730015,0.4893133848239799,1648.6875,,4269.9,0,207.557
98,16,1,0.0001,0.001,0.003320357286248587,0.24754142195448,1658.125,,4269.9,0,207.635
99,16,1,0.0001,0.001,0.003182122288375399,0.5109867525906352,1591.9375,,4269.9,0,207.976
100,16,1,0.0001,0.001,0.003206595360067142,0.839090726427864,1566.875,4217.74,4217.74,1,5735.465
